{
    "columnsData": [
      {
        "id": "todo",
        "text": "Todo",
        "status": "todo"
      },
      {
        "id": "inProgress",
        "text": "In Progress",
        "status": "inProgress"
      },
      {
        "id": "completed",
        "text": "Completed",
        "status": "completed"
      }
    ],
    "tasks": [
      {
        "id": "1",
        "column_id": "todo",
        "title": "User Research",
        "desc": "Gather insights through research to improve UX",
        "status": "todo"
      },
      {
        "id": "2",
        "column_id": "inProgress",
        "title": "Wireframing & Prototyping",
        "desc": "Crafting low and high-fidelity UI structure",
        "status": "inProgress"
      },
      {
        "id": "3",
        "column_id": "todo",
        "title": "Wireframe Creation",
        "desc": "Craft basic wireframes to define user flow",
        "status": "todo"
      },
      {
        "id": "4",
        "column_id": "completed",
        "title": "User Research & Insights",
        "desc": "Conducting surveys, interviews and usability tests",
        "status": "completed"
      },
      {
        "id": "5",
        "column_id": "inProgress",
        "title": "Visual Design Enhancement",
        "desc": "Refining typography, colors and layout",
        "status": "inProgress"
      },
      {
        "id": "6",
        "column_id": "completed",
        "title": "Usability Testing",
        "desc": "Evaluating design effectiveness with users",
        "status": "completed"
      },
      {
        "id": "7",
        "column_id": "todo",
        "title": "Visual Design",
        "desc": "Design high-fidelity visuals based on wireframes",
        "status": "todo"
      },
      {
        "id": "8",
        "column_id": "todo",
        "title": "Card Title",
        "desc": "A description of task",
        "status": "todo"
      },
      {
        "id": "9",
        "column_id": "inProgress",
        "title": "Interaction Design",
        "desc": "Defining microinteractions and animations",
        "status": "inProgress"
      },
      {
        "id": "10",
        "column_id": "inProgress",
        "title": "Wireframe comments",
        "desc": "Evaluating design effectiveness with users",
        "status": "inProgress"
      },
      {
        "id": "11",
        "column_id": "completed",
        "title": "Responsive Design Optimization",
        "desc": "Adapting UI across all devices",
        "status": "completed"
      },
      {
        "id": "12",
        "column_id": "completed",
        "title": "Interaction Design",
        "desc": "Evaluating design effectiveness with users",
        "status": "completed"
      }
    ]
  }
  